{"cameraMode":{"drawMode":0,"name":"Shaded","section":"Shading Mode"},"sceneLighting":true,"audioPlay":false,"sceneViewState":{"m_AlwaysRefresh":false,"showFog":true,"showSkybox":true,"showFlares":true,"showImageEffects":true,"showParticleSystems":true,"showVisualEffectGraphs":true,"m_FxEnabled":true},"in2DMode":false,"pivot":{"x":-0.9302260875701904,"y":-0.8791928291320801,"z":69.4687728881836},"rotation":{"x":0.3236561715602875,"y":-0.019083919003605844,"z":0.005185459740459919,"w":0.9466910362243652},"size":2.8309755325317385,"orthographic":false}