{"cameraMode":{"drawMode":0,"name":"Shaded","section":"Shading Mode"},"sceneLighting":false,"audioPlay":false,"sceneViewState":{"m_AlwaysRefresh":false,"showFog":true,"showSkybox":false,"showFlares":true,"showImageEffects":true,"showParticleSystems":true,"showVisualEffectGraphs":true,"m_FxEnabled":true},"in2DMode":false,"pivot":{"x":6.41220760345459,"y":1.7126634120941163,"z":-0.6111435890197754},"rotation":{"x":-0.004443601239472628,"y":-0.9182039499282837,"z":0.39624205231666567,"w":-0.010145103558897972},"size":5.2861504554748539,"orthographic":false}