{"cameraMode":{"drawMode":0,"name":"Shaded","section":"Shading Mode"},"sceneLighting":false,"audioPlay":false,"sceneViewState":{"m_AlwaysRefresh":false,"showFog":true,"showSkybox":false,"showFlares":true,"showImageEffects":true,"showParticleSystems":true,"showVisualEffectGraphs":true,"m_FxEnabled":true},"in2DMode":false,"pivot":{"x":46.71879959106445,"y":-17.635711669921876,"z":-39.55732727050781},"rotation":{"x":0.016416022554039956,"y":0.9458873271942139,"z":-0.32111820578575137,"w":0.04728734865784645},"size":38.71928405761719,"orthographic":false}