{"cameraMode":{"drawMode":0,"name":"Shaded","section":"Shading Mode"},"sceneLighting":false,"audioPlay":false,"sceneViewState":{"m_AlwaysRefresh":false,"showFog":true,"showSkybox":false,"showFlares":true,"showImageEffects":true,"showParticleSystems":true,"showVisualEffectGraphs":true,"m_FxEnabled":true},"in2DMode":false,"pivot":{"x":15.225592613220215,"y":3.6764333248138429,"z":-2.7139101028442385},"rotation":{"x":0.3236561715602875,"y":-0.019083919003605844,"z":0.005185459740459919,"w":0.9466910362243652},"size":3.0478641986846926,"orthographic":false}