{"cameraMode":{"drawMode":0,"name":"Shaded","section":"Shading Mode"},"sceneLighting":false,"audioPlay":false,"sceneViewState":{"m_AlwaysRefresh":false,"showFog":true,"showSkybox":false,"showFlares":true,"showImageEffects":true,"showParticleSystems":true,"showVisualEffectGraphs":true,"m_FxEnabled":true},"in2DMode":false,"pivot":{"x":48.91277313232422,"y":-2.094271183013916,"z":19.333486557006837},"rotation":{"x":0.1503702998161316,"y":-0.01029684767127037,"z":0.0017735166475176812,"w":0.9889375567436218},"size":10.079684257507325,"orthographic":false}