{"cameraMode":{"drawMode":0,"name":"Shaded","section":"Shading Mode"},"sceneLighting":false,"audioPlay":false,"sceneViewState":{"m_AlwaysRefresh":false,"showFog":true,"showSkybox":false,"showFlares":true,"showImageEffects":true,"showParticleSystems":true,"showVisualEffectGraphs":true,"m_FxEnabled":true},"in2DMode":false,"pivot":{"x":35.53876876831055,"y":-35.434593200683597,"z":42.17390060424805},"rotation":{"x":0.32896581292152407,"y":0.19349823892116548,"z":-0.07041081041097641,"w":0.9222569465637207},"size":1.5940920114517213,"orthographic":false}